cycle,seat_key,incumbent_party,incumbent_running,status,source
2026,house-AK-01,R,1,Incumbent advanced to general,wikipedia:2026_United_States_House_of_Representatives_elections
2026,house-AL-01,,0,New representative to be elected,wikipedia:2026_United_States_House_of_Representatives_elections
2026,house-AL-02,D,1,Incumbent renominated,wikipedia:2026_United_States_House_of_Representatives_elections
2026,house-AL-03,R,1,Incumbent renominated,wikipedia:2026_United_States_House_of_Representatives_elections
2026,house-AL-04,R,1,Incumbent renominated,wikipedia:2026_United_States_House_of_Representatives_elections
2026,house-AL-05,R,1,Incumbent renominated,wikipedia:2026_United_States_House_of_Representatives_elections
2026,house-AL-06,R,1,Incumbent renominated,wikipedia:2026_United_States_House_of_Representatives_elections
2026,house-AL-07,D,1,Incumbent renominated,wikipedia:2026_United_States_House_of_Representatives_elections
2026,house-AR-01,R,1,Incumbent renominated,wikipedia:2026_United_States_House_of_Representatives_elections
2026,house-AR-02,R,1,Incumbent renominated,wikipedia:2026_United_States_House_of_Representatives_elections
2026,house-AR-03,R,1,Incumbent renominated,wikipedia:2026_United_States_House_of_Representatives_elections
2026,house-AR-04,R,1,Incumbent renominated,wikipedia:2026_United_States_House_of_Representatives_elections
2026,house-AS-01,R,1,Incumbent running,wikipedia:2026_United_States_House_of_Representatives_elections
2026,house-AZ-01,R,0,Incumbent retiring to [[2026 Arizona gubernatorial election,wikipedia:2026_United_States_House_of_Representatives_elections
2026,house-AZ-02,R,1,Incumbent renominated,wikipedia:2026_United_States_House_of_Representatives_elections
2026,house-AZ-03,D,1,Incumbent renominated,wikipedia:2026_United_States_House_of_Representatives_elections
2026,house-AZ-04,D,1,Incumbent renominated,wikipedia:2026_United_States_House_of_Representatives_elections
2026,house-AZ-05,R,0,Incumbent retiring to [[2026 Arizona gubernatorial election,wikipedia:2026_United_States_House_of_Representatives_elections
2026,house-AZ-06,R,1,Incumbent renominated,wikipedia:2026_United_States_House_of_Representatives_elections
2026,house-AZ-07,D,1,Incumbent renominated,wikipedia:2026_United_States_House_of_Representatives_elections
2026,house-AZ-08,R,1,Incumbent renominated,wikipedia:2026_United_States_House_of_Representatives_elections
2026,house-AZ-09,R,1,Incumbent renominated,wikipedia:2026_United_States_House_of_Representatives_elections
2026,house-CA-01,R,1,Incumbent advanced to general,wikipedia:2026_United_States_House_of_Representatives_elections
2026,house-CA-02,D,1,Incumbent advanced to general,wikipedia:2026_United_States_House_of_Representatives_elections
2026,house-CA-03,D,1,Incumbent advanced to general,wikipedia:2026_United_States_House_of_Representatives_elections
2026,house-CA-04,D,1,Incumbent advanced to general,wikipedia:2026_United_States_House_of_Representatives_elections
2026,house-CA-05,R,1,Incumbent advanced to general,wikipedia:2026_United_States_House_of_Representatives_elections
2026,house-CA-06,,1,Incumbent advanced to general,wikipedia:2026_United_States_House_of_Representatives_elections
2026,house-CA-07,D,1,Incumbent advanced to general,wikipedia:2026_United_States_House_of_Representatives_elections
2026,house-CA-08,D,1,Incumbent advanced to general,wikipedia:2026_United_States_House_of_Representatives_elections
2026,house-CA-09,D,1,Incumbent advanced to general,wikipedia:2026_United_States_House_of_Representatives_elections
2026,house-CA-10,D,1,Incumbent advanced to general,wikipedia:2026_United_States_House_of_Representatives_elections
2026,house-CA-11,D,0,Incumbent retiring,wikipedia:2026_United_States_House_of_Representatives_elections
2026,house-CA-12,D,1,Incumbent advanced to general,wikipedia:2026_United_States_House_of_Representatives_elections
2026,house-CA-13,D,1,Incumbent advanced to general,wikipedia:2026_United_States_House_of_Representatives_elections
2026,house-CA-14,D,1,Incumbent advanced to general,wikipedia:2026_United_States_House_of_Representatives_elections
2026,house-CA-15,D,1,Incumbent advanced to general,wikipedia:2026_United_States_House_of_Representatives_elections
2026,house-CA-16,D,1,Incumbent advanced to general,wikipedia:2026_United_States_House_of_Representatives_elections
2026,house-CA-17,D,1,Incumbent advanced to general,wikipedia:2026_United_States_House_of_Representatives_elections
2026,house-CA-18,D,1,Incumbent advanced to general,wikipedia:2026_United_States_House_of_Representatives_elections
2026,house-CA-19,D,1,Incumbent advanced to general,wikipedia:2026_United_States_House_of_Representatives_elections
2026,house-CA-20,R,1,Incumbent advanced to general,wikipedia:2026_United_States_House_of_Representatives_elections
2026,house-CA-21,D,1,Incumbent advanced to general,wikipedia:2026_United_States_House_of_Representatives_elections
2026,house-CA-22,R,1,Incumbent advanced to general,wikipedia:2026_United_States_House_of_Representatives_elections
2026,house-CA-23,R,1,Incumbent advanced to general,wikipedia:2026_United_States_House_of_Representatives_elections
2026,house-CA-24,D,1,Incumbent advanced to general,wikipedia:2026_United_States_House_of_Representatives_elections
2026,house-CA-25,D,1,Incumbent advanced to general,wikipedia:2026_United_States_House_of_Representatives_elections
2026,house-CA-26,D,0,Incumbent retiring,wikipedia:2026_United_States_House_of_Representatives_elections
2026,house-CA-27,D,1,Incumbent advanced to general,wikipedia:2026_United_States_House_of_Representatives_elections
2026,house-CA-28,D,1,Incumbent advanced to general,wikipedia:2026_United_States_House_of_Representatives_elections
2026,house-CA-29,D,1,Incumbent advanced to general,wikipedia:2026_United_States_House_of_Representatives_elections
2026,house-CA-30,D,1,Incumbent advanced to general,wikipedia:2026_United_States_House_of_Representatives_elections
2026,house-CA-31,D,1,Incumbent advanced to general,wikipedia:2026_United_States_House_of_Representatives_elections
2026,house-CA-32,D,1,Incumbent advanced to general,wikipedia:2026_United_States_House_of_Representatives_elections
2026,house-CA-33,D,1,Incumbent advanced to general,wikipedia:2026_United_States_House_of_Representatives_elections
2026,house-CA-34,D,1,Incumbent advanced to general,wikipedia:2026_United_States_House_of_Representatives_elections
2026,house-CA-35,D,1,Incumbent advanced to general,wikipedia:2026_United_States_House_of_Representatives_elections
2026,house-CA-36,D,1,Incumbent advanced to general,wikipedia:2026_United_States_House_of_Representatives_elections
2026,house-CA-37,D,1,Incumbent advanced to general,wikipedia:2026_United_States_House_of_Representatives_elections
2026,house-CA-38,,0,New representative to be elected,wikipedia:2026_United_States_House_of_Representatives_elections
2026,house-CA-39,D,1,Incumbent advanced to general,wikipedia:2026_United_States_House_of_Representatives_elections
2026,house-CA-40,R,1,Incumbent advanced to general,wikipedia:2026_United_States_House_of_Representatives_elections
2026,house-CA-41,D,1,Incumbent advanced to general,wikipedia:2026_United_States_House_of_Representatives_elections
2026,house-CA-42,D,1,Incumbent advanced to general,wikipedia:2026_United_States_House_of_Representatives_elections
2026,house-CA-43,D,1,Incumbent advanced to general,wikipedia:2026_United_States_House_of_Representatives_elections
2026,house-CA-44,D,1,Incumbent advanced to general,wikipedia:2026_United_States_House_of_Representatives_elections
2026,house-CA-45,D,1,Incumbent advanced to general,wikipedia:2026_United_States_House_of_Representatives_elections
2026,house-CA-46,D,1,Incumbent advanced to general,wikipedia:2026_United_States_House_of_Representatives_elections
2026,house-CA-47,D,1,Incumbent advanced to general,wikipedia:2026_United_States_House_of_Representatives_elections
2026,house-CA-48,R,0,Incumbent retiring,wikipedia:2026_United_States_House_of_Representatives_elections
2026,house-CA-49,D,1,Incumbent advanced to general,wikipedia:2026_United_States_House_of_Representatives_elections
2026,house-CA-50,D,1,Incumbent advanced to general,wikipedia:2026_United_States_House_of_Representatives_elections
2026,house-CA-51,D,1,Incumbent advanced to general,wikipedia:2026_United_States_House_of_Representatives_elections
2026,house-CA-52,D,1,Incumbent advanced to general,wikipedia:2026_United_States_House_of_Representatives_elections
2026,house-CO-01,D,0,Incumbent lost renomination,wikipedia:2026_United_States_House_of_Representatives_elections
2026,house-CO-02,D,1,Incumbent renominated,wikipedia:2026_United_States_House_of_Representatives_elections
2026,house-CO-03,R,1,Incumbent renominated,wikipedia:2026_United_States_House_of_Representatives_elections
2026,house-CO-04,R,1,Incumbent renominated,wikipedia:2026_United_States_House_of_Representatives_elections
2026,house-CO-05,R,1,Incumbent renominated,wikipedia:2026_United_States_House_of_Representatives_elections
2026,house-CO-06,D,1,Incumbent renominated,wikipedia:2026_United_States_House_of_Representatives_elections
2026,house-CO-07,D,1,Incumbent renominated,wikipedia:2026_United_States_House_of_Representatives_elections
2026,house-CO-08,R,1,Incumbent renominated,wikipedia:2026_United_States_House_of_Representatives_elections
2026,house-CT-01,D,0,Incumbent lost renomination,wikipedia:2026_United_States_House_of_Representatives_elections
2026,house-CT-02,D,1,Incumbent renominated,wikipedia:2026_United_States_House_of_Representatives_elections
2026,house-CT-03,D,1,Incumbent renominated,wikipedia:2026_United_States_House_of_Representatives_elections
2026,house-CT-04,D,1,Incumbent renominated,wikipedia:2026_United_States_House_of_Representatives_elections
2026,house-CT-05,D,1,Incumbent renominated,wikipedia:2026_United_States_House_of_Representatives_elections
2026,house-DC-01,D,0,Incumbent retiring,wikipedia:2026_United_States_House_of_Representatives_elections
2026,house-DE-01,D,1,Incumbent renominated,wikipedia:2026_United_States_House_of_Representatives_elections
2026,house-FL-01,R,1,Incumbent renominated,wikipedia:2026_United_States_House_of_Representatives_elections
2026,house-FL-02,R,0,Incumbent retiring,wikipedia:2026_United_States_House_of_Representatives_elections
2026,house-FL-03,R,1,Incumbent renominated,wikipedia:2026_United_States_House_of_Representatives_elections
2026,house-FL-04,R,1,Incumbent renominated,wikipedia:2026_United_States_House_of_Representatives_elections
2026,house-FL-05,R,1,Incumbent renominated,wikipedia:2026_United_States_House_of_Representatives_elections
2026,house-FL-06,R,1,Incumbent renominated,wikipedia:2026_United_States_House_of_Representatives_elections
2026,house-FL-07,R,0,Incumbent lost renomination,wikipedia:2026_United_States_House_of_Representatives_elections
2026,house-FL-08,R,1,Incumbent renominated,wikipedia:2026_United_States_House_of_Representatives_elections
2026,house-FL-09,D,1,Incumbent renominated,wikipedia:2026_United_States_House_of_Representatives_elections
2026,house-FL-10,D,1,Incumbent re-elected,wikipedia:2026_United_States_House_of_Representatives_elections
2026,house-FL-11,R,0,Incumbent retiring,wikipedia:2026_United_States_House_of_Representatives_elections
2026,house-FL-12,R,1,Incumbent renominated,wikipedia:2026_United_States_House_of_Representatives_elections
2026,house-FL-13,R,1,Incumbent renominated,wikipedia:2026_United_States_House_of_Representatives_elections
2026,house-FL-14,D,1,Incumbent renominated,wikipedia:2026_United_States_House_of_Representatives_elections
2026,house-FL-15,R,1,Incumbent renominated,wikipedia:2026_United_States_House_of_Representatives_elections
2026,house-FL-16,R,0,Incumbent retiring,wikipedia:2026_United_States_House_of_Representatives_elections
2026,house-FL-17,R,1,Incumbent renominated,wikipedia:2026_United_States_House_of_Representatives_elections
2026,house-FL-18,R,1,Incumbent renominated,wikipedia:2026_United_States_House_of_Representatives_elections
2026,house-FL-19,R,0,Incumbent retiring to [[2026 Florida gubernatorial election,wikipedia:2026_United_States_House_of_Representatives_elections
2026,house-FL-20,,0,Vacant,wikipedia:2026_United_States_House_of_Representatives_elections
2026,house-FL-21,R,1,Incumbent renominated,wikipedia:2026_United_States_House_of_Representatives_elections
2026,house-FL-22,,0,New representative to be elected,wikipedia:2026_United_States_House_of_Representatives_elections
2026,house-FL-23,D,1,Incumbent renominated,wikipedia:2026_United_States_House_of_Representatives_elections
2026,house-FL-24,D,0,Incumbent retiring,wikipedia:2026_United_States_House_of_Representatives_elections
2026,house-FL-25,D,1,Incumbent renominated,wikipedia:2026_United_States_House_of_Representatives_elections
2026,house-FL-26,R,1,Incumbent renominated,wikipedia:2026_United_States_House_of_Representatives_elections
2026,house-FL-27,R,1,Incumbent renominated,wikipedia:2026_United_States_House_of_Representatives_elections
2026,house-FL-28,R,1,Incumbent renominated,wikipedia:2026_United_States_House_of_Representatives_elections
2026,house-GA-01,R,0,Incumbent retiring to [[2026 United States Senate election in Georgia,wikipedia:2026_United_States_House_of_Representatives_elections
2026,house-GA-02,D,1,Incumbent renominated,wikipedia:2026_United_States_House_of_Representatives_elections
2026,house-GA-03,R,1,Incumbent renominated,wikipedia:2026_United_States_House_of_Representatives_elections
2026,house-GA-04,D,1,Incumbent renominated,wikipedia:2026_United_States_House_of_Representatives_elections
2026,house-GA-05,D,1,Incumbent renominated,wikipedia:2026_United_States_House_of_Representatives_elections
2026,house-GA-06,D,1,Incumbent renominated,wikipedia:2026_United_States_House_of_Representatives_elections
2026,house-GA-07,R,1,Incumbent renominated,wikipedia:2026_United_States_House_of_Representatives_elections
2026,house-GA-08,R,1,Incumbent renominated,wikipedia:2026_United_States_House_of_Representatives_elections
2026,house-GA-09,R,1,Incumbent renominated,wikipedia:2026_United_States_House_of_Representatives_elections
2026,house-GA-10,R,0,Incumbent retiring to [[2026 United States Senate election in Georgia,wikipedia:2026_United_States_House_of_Representatives_elections
2026,house-GA-11,R,0,Incumbent retiring,wikipedia:2026_United_States_House_of_Representatives_elections
2026,house-GA-12,R,1,Incumbent renominated,wikipedia:2026_United_States_House_of_Representatives_elections
2026,house-GA-13,D,0,"Incumbent died April 22, 2026",wikipedia:2026_United_States_House_of_Representatives_elections
2026,house-GA-14,R,0,"Incumbent resigned January 5, 2026",wikipedia:2026_United_States_House_of_Representatives_elections
2026,house-GU-01,R,1,Incumbent renominated,wikipedia:2026_United_States_House_of_Representatives_elections
2026,house-HI-01,D,1,Incumbent renominated,wikipedia:2026_United_States_House_of_Representatives_elections
2026,house-HI-02,D,1,Incumbent renominated,wikipedia:2026_United_States_House_of_Representatives_elections
2026,house-IA-01,R,1,Incumbent renominated,wikipedia:2026_United_States_House_of_Representatives_elections
2026,house-IA-02,R,0,Incumbent retiring to [[2026 United States Senate election in Iowa,wikipedia:2026_United_States_House_of_Representatives_elections
2026,house-IA-03,R,1,Incumbent renominated,wikipedia:2026_United_States_House_of_Representatives_elections
2026,house-IA-04,R,0,Incumbent retiring to [[2026 Iowa gubernatorial election,wikipedia:2026_United_States_House_of_Representatives_elections
2026,house-ID-01,R,1,Incumbent renominated,wikipedia:2026_United_States_House_of_Representatives_elections
2026,house-ID-02,R,1,Incumbent renominated,wikipedia:2026_United_States_House_of_Representatives_elections
2026,house-IL-01,D,1,Incumbent renominated,wikipedia:2026_United_States_House_of_Representatives_elections
2026,house-IL-02,D,0,Incumbent retiring to [[2026 United States Senate election in Illinois,wikipedia:2026_United_States_House_of_Representatives_elections
2026,house-IL-03,D,1,Incumbent renominated,wikipedia:2026_United_States_House_of_Representatives_elections
2026,house-IL-04,D,0,Incumbent retiring,wikipedia:2026_United_States_House_of_Representatives_elections
2026,house-IL-05,D,1,Incumbent renominated,wikipedia:2026_United_States_House_of_Representatives_elections
2026,house-IL-06,D,1,Incumbent renominated,wikipedia:2026_United_States_House_of_Representatives_elections
2026,house-IL-07,D,0,Incumbent retiring,wikipedia:2026_United_States_House_of_Representatives_elections
2026,house-IL-08,D,0,Incumbent retiring to [[2026 United States Senate election in Illinois,wikipedia:2026_United_States_House_of_Representatives_elections
2026,house-IL-09,D,0,Incumbent retiring,wikipedia:2026_United_States_House_of_Representatives_elections
2026,house-IL-10,D,1,Incumbent renominated,wikipedia:2026_United_States_House_of_Representatives_elections
2026,house-IL-11,D,1,Incumbent renominated,wikipedia:2026_United_States_House_of_Representatives_elections
2026,house-IL-12,R,1,Incumbent renominated,wikipedia:2026_United_States_House_of_Representatives_elections
2026,house-IL-13,D,1,Incumbent renominated,wikipedia:2026_United_States_House_of_Representatives_elections
2026,house-IL-14,D,1,Incumbent renominated,wikipedia:2026_United_States_House_of_Representatives_elections
2026,house-IL-15,R,1,Incumbent renominated,wikipedia:2026_United_States_House_of_Representatives_elections
2026,house-IL-16,R,1,Incumbent renominated,wikipedia:2026_United_States_House_of_Representatives_elections
2026,house-IL-17,D,1,Incumbent renominated,wikipedia:2026_United_States_House_of_Representatives_elections
2026,house-IN-01,D,1,Incumbent renominated,wikipedia:2026_United_States_House_of_Representatives_elections
2026,house-IN-02,R,1,Incumbent renominated,wikipedia:2026_United_States_House_of_Representatives_elections
2026,house-IN-03,R,1,Incumbent renominated,wikipedia:2026_United_States_House_of_Representatives_elections
2026,house-IN-04,R,1,Incumbent renominated,wikipedia:2026_United_States_House_of_Representatives_elections
2026,house-IN-05,R,1,Incumbent renominated,wikipedia:2026_United_States_House_of_Representatives_elections
2026,house-IN-06,R,1,Incumbent renominated,wikipedia:2026_United_States_House_of_Representatives_elections
2026,house-IN-07,D,1,Incumbent renominated,wikipedia:2026_United_States_House_of_Representatives_elections
2026,house-IN-08,R,1,Incumbent renominated,wikipedia:2026_United_States_House_of_Representatives_elections
2026,house-IN-09,R,1,Incumbent renominated,wikipedia:2026_United_States_House_of_Representatives_elections
2026,house-KS-01,R,1,Incumbent renominated,wikipedia:2026_United_States_House_of_Representatives_elections
2026,house-KS-02,R,1,Incumbent renominated,wikipedia:2026_United_States_House_of_Representatives_elections
2026,house-KS-03,D,1,Incumbent renominated,wikipedia:2026_United_States_House_of_Representatives_elections
2026,house-KS-04,R,1,Incumbent renominated,wikipedia:2026_United_States_House_of_Representatives_elections
2026,house-KY-01,R,1,Incumbent renominated,wikipedia:2026_United_States_House_of_Representatives_elections
2026,house-KY-02,R,1,Incumbent renominated,wikipedia:2026_United_States_House_of_Representatives_elections
2026,house-KY-03,D,1,Incumbent renominated,wikipedia:2026_United_States_House_of_Representatives_elections
2026,house-KY-04,R,0,Incumbent lost renomination,wikipedia:2026_United_States_House_of_Representatives_elections
2026,house-KY-05,R,1,Incumbent renominated,wikipedia:2026_United_States_House_of_Representatives_elections
2026,house-KY-06,R,0,Incumbent retiring to [[2026 United States Senate election in Kentucky,wikipedia:2026_United_States_House_of_Representatives_elections
2026,house-LA-01,R,1,Incumbent running,wikipedia:2026_United_States_House_of_Representatives_elections
2026,house-LA-02,D,1,Incumbent running,wikipedia:2026_United_States_House_of_Representatives_elections
2026,house-LA-03,R,1,Incumbent running,wikipedia:2026_United_States_House_of_Representatives_elections
2026,house-LA-04,R,1,Incumbent running,wikipedia:2026_United_States_House_of_Representatives_elections
2026,house-LA-05,R,0,Incumbent retiring to [[2026 United States Senate election in Louisiana,wikipedia:2026_United_States_House_of_Representatives_elections
2026,house-LA-06,D,0,Incumbent retiring to run for [[2026 United States state legislative elections#Louisiana,wikipedia:2026_United_States_House_of_Representatives_elections
2026,house-MA-01,D,1,Incumbent renominated,wikipedia:2026_United_States_House_of_Representatives_elections
2026,house-MA-02,D,1,Incumbent re-elected,wikipedia:2026_United_States_House_of_Representatives_elections
2026,house-MA-03,D,1,Incumbent renominated,wikipedia:2026_United_States_House_of_Representatives_elections
2026,house-MA-04,D,1,Incumbent renominated,wikipedia:2026_United_States_House_of_Representatives_elections
2026,house-MA-05,D,1,Incumbent re-elected,wikipedia:2026_United_States_House_of_Representatives_elections
2026,house-MA-06,D,0,Incumbent retiring to [[2026 United States Senate election in Massachusetts,wikipedia:2026_United_States_House_of_Representatives_elections
2026,house-MA-07,D,1,Incumbent re-elected,wikipedia:2026_United_States_House_of_Representatives_elections
2026,house-MA-08,D,1,Incumbent renominated,wikipedia:2026_United_States_House_of_Representatives_elections
2026,house-MA-09,D,1,Incumbent renominated,wikipedia:2026_United_States_House_of_Representatives_elections
2026,house-MD-01,R,1,Incumbent renominated,wikipedia:2026_United_States_House_of_Representatives_elections
2026,house-MD-02,D,1,Incumbent renominated,wikipedia:2026_United_States_House_of_Representatives_elections
2026,house-MD-03,D,1,Incumbent renominated,wikipedia:2026_United_States_House_of_Representatives_elections
2026,house-MD-04,D,1,Incumbent renominated,wikipedia:2026_United_States_House_of_Representatives_elections
2026,house-MD-05,D,0,Incumbent retiring,wikipedia:2026_United_States_House_of_Representatives_elections
2026,house-MD-06,D,1,Incumbent renominated,wikipedia:2026_United_States_House_of_Representatives_elections
2026,house-MD-07,D,1,Incumbent renominated,wikipedia:2026_United_States_House_of_Representatives_elections
2026,house-MD-08,D,1,Incumbent renominated,wikipedia:2026_United_States_House_of_Representatives_elections
2026,house-ME-01,D,1,Incumbent renominated,wikipedia:2026_United_States_House_of_Representatives_elections
2026,house-ME-02,D,0,Incumbent retiring,wikipedia:2026_United_States_House_of_Representatives_elections
2026,house-MI-01,R,1,Incumbent renominated,wikipedia:2026_United_States_House_of_Representatives_elections
2026,house-MI-02,R,1,Incumbent renominated,wikipedia:2026_United_States_House_of_Representatives_elections
2026,house-MI-03,D,1,Incumbent renominated,wikipedia:2026_United_States_House_of_Representatives_elections
2026,house-MI-04,R,1,Incumbent renominated,wikipedia:2026_United_States_House_of_Representatives_elections
2026,house-MI-05,R,1,Incumbent renominated,wikipedia:2026_United_States_House_of_Representatives_elections
2026,house-MI-06,D,1,Incumbent renominated,wikipedia:2026_United_States_House_of_Representatives_elections
2026,house-MI-07,R,1,Incumbent renominated,wikipedia:2026_United_States_House_of_Representatives_elections
2026,house-MI-08,D,1,Incumbent renominated,wikipedia:2026_United_States_House_of_Representatives_elections
2026,house-MI-09,R,1,Incumbent renominated,wikipedia:2026_United_States_House_of_Representatives_elections
2026,house-MI-10,R,0,Incumbent retiring to [[2026 Michigan gubernatorial election,wikipedia:2026_United_States_House_of_Representatives_elections
2026,house-MI-11,D,0,Incumbent retiring to [[2026 United States Senate election in Michigan,wikipedia:2026_United_States_House_of_Representatives_elections
2026,house-MI-12,D,1,Incumbent renominated,wikipedia:2026_United_States_House_of_Representatives_elections
2026,house-MI-13,D,0,Incumbent lost renomination,wikipedia:2026_United_States_House_of_Representatives_elections
2026,house-MN-01,R,1,Incumbent renominated,wikipedia:2026_United_States_House_of_Representatives_elections
2026,house-MN-02,D,0,Incumbent retiring to [[2026 United States Senate election in Minnesota,wikipedia:2026_United_States_House_of_Representatives_elections
2026,house-MN-03,D,1,Incumbent renominated,wikipedia:2026_United_States_House_of_Representatives_elections
2026,house-MN-04,D,1,Incumbent renominated,wikipedia:2026_United_States_House_of_Representatives_elections
2026,house-MN-05,D,1,Incumbent renominated,wikipedia:2026_United_States_House_of_Representatives_elections
2026,house-MN-06,R,1,Incumbent renominated,wikipedia:2026_United_States_House_of_Representatives_elections
2026,house-MN-07,R,1,Incumbent renominated,wikipedia:2026_United_States_House_of_Representatives_elections
2026,house-MN-08,R,1,Incumbent renominated,wikipedia:2026_United_States_House_of_Representatives_elections
2026,house-MO-01,D,1,Incumbent renominated,wikipedia:2026_United_States_House_of_Representatives_elections
2026,house-MO-02,R,1,Incumbent renominated,wikipedia:2026_United_States_House_of_Representatives_elections
2026,house-MO-03,R,1,Incumbent renominated,wikipedia:2026_United_States_House_of_Representatives_elections
2026,house-MO-04,R,1,Incumbent renominated,wikipedia:2026_United_States_House_of_Representatives_elections
2026,house-MO-05,D,1,Incumbent renominated,wikipedia:2026_United_States_House_of_Representatives_elections
2026,house-MO-06,R,0,Incumbent retiring,wikipedia:2026_United_States_House_of_Representatives_elections
2026,house-MO-07,R,1,Incumbent renominated,wikipedia:2026_United_States_House_of_Representatives_elections
2026,house-MO-08,R,1,Incumbent renominated,wikipedia:2026_United_States_House_of_Representatives_elections
2026,house-MP-01,R,1,Incumbent running,wikipedia:2026_United_States_House_of_Representatives_elections
2026,house-MS-01,R,1,Incumbent renominated,wikipedia:2026_United_States_House_of_Representatives_elections
2026,house-MS-02,D,1,Incumbent renominated,wikipedia:2026_United_States_House_of_Representatives_elections
2026,house-MS-03,R,1,Incumbent renominated,wikipedia:2026_United_States_House_of_Representatives_elections
2026,house-MS-04,R,1,Incumbent renominated,wikipedia:2026_United_States_House_of_Representatives_elections
2026,house-MT-01,R,0,Incumbent retiring,wikipedia:2026_United_States_House_of_Representatives_elections
2026,house-MT-02,R,1,Incumbent renominated,wikipedia:2026_United_States_House_of_Representatives_elections
2026,house-NC-01,D,1,Incumbent renominated,wikipedia:2026_United_States_House_of_Representatives_elections
2026,house-NC-02,D,1,Incumbent renominated,wikipedia:2026_United_States_House_of_Representatives_elections
2026,house-NC-03,R,1,Incumbent renominated,wikipedia:2026_United_States_House_of_Representatives_elections
2026,house-NC-04,D,1,Incumbent renominated,wikipedia:2026_United_States_House_of_Representatives_elections
2026,house-NC-05,R,1,Incumbent renominated,wikipedia:2026_United_States_House_of_Representatives_elections
2026,house-NC-06,R,1,Incumbent renominated,wikipedia:2026_United_States_House_of_Representatives_elections
2026,house-NC-07,R,1,Incumbent renominated,wikipedia:2026_United_States_House_of_Representatives_elections
2026,house-NC-08,R,1,Incumbent renominated,wikipedia:2026_United_States_House_of_Representatives_elections
2026,house-NC-09,R,1,Incumbent renominated,wikipedia:2026_United_States_House_of_Representatives_elections
2026,house-NC-10,R,1,Incumbent renominated,wikipedia:2026_United_States_House_of_Representatives_elections
2026,house-NC-11,R,0,Incumbent retiring,wikipedia:2026_United_States_House_of_Representatives_elections
2026,house-NC-12,D,1,Incumbent renominated,wikipedia:2026_United_States_House_of_Representatives_elections
2026,house-NC-13,R,1,Incumbent renominated,wikipedia:2026_United_States_House_of_Representatives_elections
2026,house-NC-14,R,1,Incumbent renominated,wikipedia:2026_United_States_House_of_Representatives_elections
2026,house-ND-01,R,1,Incumbent renominated,wikipedia:2026_United_States_House_of_Representatives_elections
2026,house-NE-01,R,1,Incumbent renominated,wikipedia:2026_United_States_House_of_Representatives_elections
2026,house-NE-02,R,0,Incumbent retiring,wikipedia:2026_United_States_House_of_Representatives_elections
2026,house-NE-03,R,1,Incumbent renominated,wikipedia:2026_United_States_House_of_Representatives_elections
2026,house-NH-01,D,0,Incumbent retiring to [[2026 United States Senate election in New Hampshire,wikipedia:2026_United_States_House_of_Representatives_elections
2026,house-NH-02,D,1,Incumbent renominated,wikipedia:2026_United_States_House_of_Representatives_elections
2026,house-NJ-01,D,1,Incumbent renominated,wikipedia:2026_United_States_House_of_Representatives_elections
2026,house-NJ-02,R,1,Incumbent renominated,wikipedia:2026_United_States_House_of_Representatives_elections
2026,house-NJ-03,D,1,Incumbent renominated,wikipedia:2026_United_States_House_of_Representatives_elections
2026,house-NJ-04,R,1,Incumbent renominated,wikipedia:2026_United_States_House_of_Representatives_elections
2026,house-NJ-05,D,1,Incumbent renominated,wikipedia:2026_United_States_House_of_Representatives_elections
2026,house-NJ-06,D,1,Incumbent renominated,wikipedia:2026_United_States_House_of_Representatives_elections
2026,house-NJ-07,R,1,Incumbent renominated,wikipedia:2026_United_States_House_of_Representatives_elections
2026,house-NJ-08,D,1,Incumbent renominated,wikipedia:2026_United_States_House_of_Representatives_elections
2026,house-NJ-09,D,1,Incumbent renominated,wikipedia:2026_United_States_House_of_Representatives_elections
2026,house-NJ-10,D,1,Incumbent renominated,wikipedia:2026_United_States_House_of_Representatives_elections
2026,house-NJ-11,D,1,Incumbent renominated,wikipedia:2026_United_States_House_of_Representatives_elections
2026,house-NJ-12,D,0,Incumbent retiring,wikipedia:2026_United_States_House_of_Representatives_elections
2026,house-NM-01,D,1,Incumbent renominated,wikipedia:2026_United_States_House_of_Representatives_elections
2026,house-NM-02,D,1,Incumbent renominated,wikipedia:2026_United_States_House_of_Representatives_elections
2026,house-NM-03,D,1,Incumbent renominated,wikipedia:2026_United_States_House_of_Representatives_elections
2026,house-NV-01,D,1,Incumbent renominated,wikipedia:2026_United_States_House_of_Representatives_elections
2026,house-NV-02,R,0,Incumbent retiring,wikipedia:2026_United_States_House_of_Representatives_elections
2026,house-NV-03,D,1,Incumbent renominated,wikipedia:2026_United_States_House_of_Representatives_elections
2026,house-NV-04,D,1,Incumbent renominated,wikipedia:2026_United_States_House_of_Representatives_elections
2026,house-NY-01,R,1,Incumbent renominated,wikipedia:2026_United_States_House_of_Representatives_elections
2026,house-NY-02,R,1,Incumbent renominated,wikipedia:2026_United_States_House_of_Representatives_elections
2026,house-NY-03,D,1,Incumbent renominated,wikipedia:2026_United_States_House_of_Representatives_elections
2026,house-NY-04,D,1,Incumbent renominated,wikipedia:2026_United_States_House_of_Representatives_elections
2026,house-NY-05,D,1,Incumbent renominated,wikipedia:2026_United_States_House_of_Representatives_elections
2026,house-NY-06,D,1,Incumbent renominated,wikipedia:2026_United_States_House_of_Representatives_elections
2026,house-NY-07,D,0,Incumbent retiring,wikipedia:2026_United_States_House_of_Representatives_elections
2026,house-NY-08,D,1,Incumbent renominated,wikipedia:2026_United_States_House_of_Representatives_elections
2026,house-NY-09,D,1,Incumbent renominated,wikipedia:2026_United_States_House_of_Representatives_elections
2026,house-NY-10,D,0,Incumbent lost renomination,wikipedia:2026_United_States_House_of_Representatives_elections
2026,house-NY-11,R,1,Incumbent renominated,wikipedia:2026_United_States_House_of_Representatives_elections
2026,house-NY-12,D,0,Incumbent retiring,wikipedia:2026_United_States_House_of_Representatives_elections
2026,house-NY-13,D,0,Incumbent lost renomination,wikipedia:2026_United_States_House_of_Representatives_elections
2026,house-NY-14,D,1,Incumbent renominated,wikipedia:2026_United_States_House_of_Representatives_elections
2026,house-NY-15,D,1,Incumbent renominated,wikipedia:2026_United_States_House_of_Representatives_elections
2026,house-NY-16,D,1,Incumbent renominated,wikipedia:2026_United_States_House_of_Representatives_elections
2026,house-NY-17,R,1,Incumbent renominated,wikipedia:2026_United_States_House_of_Representatives_elections
2026,house-NY-18,D,1,Incumbent renominated,wikipedia:2026_United_States_House_of_Representatives_elections
2026,house-NY-19,D,1,Incumbent renominated,wikipedia:2026_United_States_House_of_Representatives_elections
2026,house-NY-20,D,1,Incumbent renominated,wikipedia:2026_United_States_House_of_Representatives_elections
2026,house-NY-21,R,0,Incumbent retiring,wikipedia:2026_United_States_House_of_Representatives_elections
2026,house-NY-22,D,1,Incumbent renominated,wikipedia:2026_United_States_House_of_Representatives_elections
2026,house-NY-23,R,1,Incumbent renominated,wikipedia:2026_United_States_House_of_Representatives_elections
2026,house-NY-24,R,1,Incumbent renominated,wikipedia:2026_United_States_House_of_Representatives_elections
2026,house-NY-25,D,1,Incumbent renominated,wikipedia:2026_United_States_House_of_Representatives_elections
2026,house-NY-26,D,1,Incumbent renominated,wikipedia:2026_United_States_House_of_Representatives_elections
2026,house-OH-01,D,1,Incumbent renominated,wikipedia:2026_United_States_House_of_Representatives_elections
2026,house-OH-02,R,1,Incumbent renominated,wikipedia:2026_United_States_House_of_Representatives_elections
2026,house-OH-03,D,1,Incumbent renominated,wikipedia:2026_United_States_House_of_Representatives_elections
2026,house-OH-04,R,1,Incumbent renominated,wikipedia:2026_United_States_House_of_Representatives_elections
2026,house-OH-05,R,1,Incumbent renominated,wikipedia:2026_United_States_House_of_Representatives_elections
2026,house-OH-06,R,1,Incumbent renominated,wikipedia:2026_United_States_House_of_Representatives_elections
2026,house-OH-07,R,1,Incumbent renominated,wikipedia:2026_United_States_House_of_Representatives_elections
2026,house-OH-08,R,1,Incumbent renominated,wikipedia:2026_United_States_House_of_Representatives_elections
2026,house-OH-09,D,1,Incumbent renominated,wikipedia:2026_United_States_House_of_Representatives_elections
2026,house-OH-10,R,1,Incumbent renominated,wikipedia:2026_United_States_House_of_Representatives_elections
2026,house-OH-11,D,1,Incumbent renominated,wikipedia:2026_United_States_House_of_Representatives_elections
2026,house-OH-12,R,1,Incumbent renominated,wikipedia:2026_United_States_House_of_Representatives_elections
2026,house-OH-13,D,1,Incumbent renominated,wikipedia:2026_United_States_House_of_Representatives_elections
2026,house-OH-14,R,1,Incumbent renominated,wikipedia:2026_United_States_House_of_Representatives_elections
2026,house-OH-15,R,1,Incumbent renominated,wikipedia:2026_United_States_House_of_Representatives_elections
2026,house-OK-01,R,0,Incumbent retiring to [[2026 United States Senate election in Oklahoma,wikipedia:2026_United_States_House_of_Representatives_elections
2026,house-OK-02,R,1,Incumbent renominated,wikipedia:2026_United_States_House_of_Representatives_elections
2026,house-OK-03,R,1,Incumbent renominated,wikipedia:2026_United_States_House_of_Representatives_elections
2026,house-OK-04,R,1,Incumbent renominated,wikipedia:2026_United_States_House_of_Representatives_elections
2026,house-OK-05,R,1,Incumbent renominated,wikipedia:2026_United_States_House_of_Representatives_elections
2026,house-OR-01,D,1,Incumbent renominated,wikipedia:2026_United_States_House_of_Representatives_elections
2026,house-OR-02,R,1,Incumbent renominated,wikipedia:2026_United_States_House_of_Representatives_elections
2026,house-OR-03,D,1,Incumbent renominated,wikipedia:2026_United_States_House_of_Representatives_elections
2026,house-OR-04,D,1,Incumbent renominated,wikipedia:2026_United_States_House_of_Representatives_elections
2026,house-OR-05,D,1,Incumbent renominated,wikipedia:2026_United_States_House_of_Representatives_elections
2026,house-OR-06,D,1,Incumbent renominated,wikipedia:2026_United_States_House_of_Representatives_elections
2026,house-PA-01,R,1,Incumbent renominated,wikipedia:2026_United_States_House_of_Representatives_elections
2026,house-PA-02,D,1,Incumbent renominated,wikipedia:2026_United_States_House_of_Representatives_elections
2026,house-PA-03,D,0,Incumbent retiring,wikipedia:2026_United_States_House_of_Representatives_elections
2026,house-PA-04,D,1,Incumbent renominated,wikipedia:2026_United_States_House_of_Representatives_elections
2026,house-PA-05,D,1,Incumbent renominated,wikipedia:2026_United_States_House_of_Representatives_elections
2026,house-PA-06,D,1,Incumbent renominated,wikipedia:2026_United_States_House_of_Representatives_elections
2026,house-PA-07,R,1,Incumbent renominated,wikipedia:2026_United_States_House_of_Representatives_elections
2026,house-PA-08,R,1,Incumbent renominated,wikipedia:2026_United_States_House_of_Representatives_elections
2026,house-PA-09,R,1,Incumbent renominated,wikipedia:2026_United_States_House_of_Representatives_elections
2026,house-PA-10,R,1,Incumbent renominated,wikipedia:2026_United_States_House_of_Representatives_elections
2026,house-PA-11,R,1,Incumbent renominated,wikipedia:2026_United_States_House_of_Representatives_elections
2026,house-PA-12,D,1,Incumbent renominated,wikipedia:2026_United_States_House_of_Representatives_elections
2026,house-PA-13,R,1,Incumbent renominated,wikipedia:2026_United_States_House_of_Representatives_elections
2026,house-PA-14,R,1,Incumbent renominated,wikipedia:2026_United_States_House_of_Representatives_elections
2026,house-PA-15,R,1,Incumbent renominated,wikipedia:2026_United_States_House_of_Representatives_elections
2026,house-PA-16,R,1,Incumbent renominated,wikipedia:2026_United_States_House_of_Representatives_elections
2026,house-PA-17,D,1,Incumbent renominated,wikipedia:2026_United_States_House_of_Representatives_elections
2026,house-RI-01,D,1,Incumbent renominated,wikipedia:2026_United_States_House_of_Representatives_elections
2026,house-RI-02,D,1,Incumbent renominated,wikipedia:2026_United_States_House_of_Representatives_elections
2026,house-SC-01,R,0,Incumbent retiring to [[2026 South Carolina gubernatorial election,wikipedia:2026_United_States_House_of_Representatives_elections
2026,house-SC-02,R,1,Incumbent renominated,wikipedia:2026_United_States_House_of_Representatives_elections
2026,house-SC-03,R,1,Incumbent renominated,wikipedia:2026_United_States_House_of_Representatives_elections
2026,house-SC-04,R,1,Incumbent renominated,wikipedia:2026_United_States_House_of_Representatives_elections
2026,house-SC-05,R,0,Incumbent retiring to [[2026 South Carolina gubernatorial election,wikipedia:2026_United_States_House_of_Representatives_elections
2026,house-SC-06,D,1,Incumbent renominated,wikipedia:2026_United_States_House_of_Representatives_elections
2026,house-SC-07,R,1,Incumbent renominated,wikipedia:2026_United_States_House_of_Representatives_elections
2026,house-SD-01,R,0,Incumbent retiring to [[2026 South Dakota gubernatorial election,wikipedia:2026_United_States_House_of_Representatives_elections
2026,house-TN-01,R,1,Incumbent renominated,wikipedia:2026_United_States_House_of_Representatives_elections
2026,house-TN-02,R,1,Incumbent renominated,wikipedia:2026_United_States_House_of_Representatives_elections
2026,house-TN-03,R,1,Incumbent renominated,wikipedia:2026_United_States_House_of_Representatives_elections
2026,house-TN-04,R,1,Incumbent renominated,wikipedia:2026_United_States_House_of_Representatives_elections
2026,house-TN-05,R,0,Incumbent lost renomination,wikipedia:2026_United_States_House_of_Representatives_elections
2026,house-TN-06,R,0,Incumbent retiring to [[2026 Tennessee gubernatorial election,wikipedia:2026_United_States_House_of_Representatives_elections
2026,house-TN-07,R,1,Incumbent renominated,wikipedia:2026_United_States_House_of_Representatives_elections
2026,house-TN-08,R,1,Incumbent renominated,wikipedia:2026_United_States_House_of_Representatives_elections
2026,house-TN-09,D,0,Incumbent retiring,wikipedia:2026_United_States_House_of_Representatives_elections
2026,house-TX-01,R,1,Incumbent renominated,wikipedia:2026_United_States_House_of_Representatives_elections
2026,house-TX-02,R,0,Incumbent lost renomination,wikipedia:2026_United_States_House_of_Representatives_elections
2026,house-TX-03,R,1,Incumbent renominated,wikipedia:2026_United_States_House_of_Representatives_elections
2026,house-TX-04,R,1,Incumbent renominated,wikipedia:2026_United_States_House_of_Representatives_elections
2026,house-TX-05,R,1,Incumbent renominated,wikipedia:2026_United_States_House_of_Representatives_elections
2026,house-TX-06,R,1,Incumbent renominated,wikipedia:2026_United_States_House_of_Representatives_elections
2026,house-TX-07,D,1,Incumbent renominated,wikipedia:2026_United_States_House_of_Representatives_elections
2026,house-TX-08,R,0,Incumbent retiring,wikipedia:2026_United_States_House_of_Representatives_elections
2026,house-TX-09,,0,New representative to be elected,wikipedia:2026_United_States_House_of_Representatives_elections
2026,house-TX-10,R,0,Incumbent retiring,wikipedia:2026_United_States_House_of_Representatives_elections
2026,house-TX-11,R,1,Incumbent renominated,wikipedia:2026_United_States_House_of_Representatives_elections
2026,house-TX-12,R,1,Incumbent renominated,wikipedia:2026_United_States_House_of_Representatives_elections
2026,house-TX-13,R,1,Incumbent renominated,wikipedia:2026_United_States_House_of_Representatives_elections
2026,house-TX-14,R,1,Incumbent renominated,wikipedia:2026_United_States_House_of_Representatives_elections
2026,house-TX-15,R,1,Incumbent renominated,wikipedia:2026_United_States_House_of_Representatives_elections
2026,house-TX-16,D,1,Incumbent renominated,wikipedia:2026_United_States_House_of_Representatives_elections
2026,house-TX-17,R,1,Incumbent renominated,wikipedia:2026_United_States_House_of_Representatives_elections
2026,house-TX-18,D,0,"Incumbent died March 5, 2025",wikipedia:2026_United_States_House_of_Representatives_elections
2026,house-TX-19,R,0,Incumbent retiring,wikipedia:2026_United_States_House_of_Representatives_elections
2026,house-TX-20,D,1,Incumbent renominated,wikipedia:2026_United_States_House_of_Representatives_elections
2026,house-TX-21,R,0,Incumbent retiring to [[2026 Texas Attorney General election,wikipedia:2026_United_States_House_of_Representatives_elections
2026,house-TX-22,R,0,Incumbent retiring,wikipedia:2026_United_States_House_of_Representatives_elections
2026,house-TX-23,,0,Vacant,wikipedia:2026_United_States_House_of_Representatives_elections
2026,house-TX-24,R,1,Incumbent renominated,wikipedia:2026_United_States_House_of_Representatives_elections
2026,house-TX-25,R,1,Incumbent renominated,wikipedia:2026_United_States_House_of_Representatives_elections
2026,house-TX-26,R,1,Incumbent renominated,wikipedia:2026_United_States_House_of_Representatives_elections
2026,house-TX-27,R,1,Incumbent renominated,wikipedia:2026_United_States_House_of_Representatives_elections
2026,house-TX-28,D,1,Incumbent renominated,wikipedia:2026_United_States_House_of_Representatives_elections
2026,house-TX-29,D,1,Incumbent renominated,wikipedia:2026_United_States_House_of_Representatives_elections
2026,house-TX-30,,0,New representative to be elected,wikipedia:2026_United_States_House_of_Representatives_elections
2026,house-TX-31,R,1,Incumbent renominated,wikipedia:2026_United_States_House_of_Representatives_elections
2026,house-TX-32,,0,New representative to be elected,wikipedia:2026_United_States_House_of_Representatives_elections
2026,house-TX-33,D,0,Incumbent retiring to [[2026 United States Senate election in Texas,wikipedia:2026_United_States_House_of_Representatives_elections
2026,house-TX-34,D,1,Incumbent renominated,wikipedia:2026_United_States_House_of_Representatives_elections
2026,house-TX-35,,0,New representative to be elected,wikipedia:2026_United_States_House_of_Representatives_elections
2026,house-TX-36,R,1,Incumbent renominated,wikipedia:2026_United_States_House_of_Representatives_elections
2026,house-TX-37,D,0,Incumbent retiring,wikipedia:2026_United_States_House_of_Representatives_elections
2026,house-TX-38,R,0,Incumbent retiring to [[2026 United States Senate election in Texas,wikipedia:2026_United_States_House_of_Representatives_elections
2026,house-UT-01,,0,New representative to be elected,wikipedia:2026_United_States_House_of_Representatives_elections
2026,house-UT-02,R,1,Incumbent renominated,wikipedia:2026_United_States_House_of_Representatives_elections
2026,house-UT-03,R,1,Incumbent renominated,wikipedia:2026_United_States_House_of_Representatives_elections
2026,house-UT-04,R,0,Incumbent retiring,wikipedia:2026_United_States_House_of_Representatives_elections
2026,house-VA-01,R,1,Incumbent renominated,wikipedia:2026_United_States_House_of_Representatives_elections
2026,house-VA-02,R,1,Incumbent renominated,wikipedia:2026_United_States_House_of_Representatives_elections
2026,house-VA-03,D,1,Incumbent renominated,wikipedia:2026_United_States_House_of_Representatives_elections
2026,house-VA-04,D,1,Incumbent renominated,wikipedia:2026_United_States_House_of_Representatives_elections
2026,house-VA-05,R,1,Incumbent renominated,wikipedia:2026_United_States_House_of_Representatives_elections
2026,house-VA-06,R,1,Incumbent renominated,wikipedia:2026_United_States_House_of_Representatives_elections
2026,house-VA-07,D,1,Incumbent renominated,wikipedia:2026_United_States_House_of_Representatives_elections
2026,house-VA-08,D,1,Incumbent renominated,wikipedia:2026_United_States_House_of_Representatives_elections
2026,house-VA-09,R,1,Incumbent renominated,wikipedia:2026_United_States_House_of_Representatives_elections
2026,house-VA-10,D,1,Incumbent renominated,wikipedia:2026_United_States_House_of_Representatives_elections
2026,house-VA-11,D,1,Incumbent renominated,wikipedia:2026_United_States_House_of_Representatives_elections
2026,house-VI-01,D,0,Incumbent retiring to [[2026 United States Virgin Islands gubernatorial election,wikipedia:2026_United_States_House_of_Representatives_elections
2026,house-VT-01,D,1,Incumbent renominated,wikipedia:2026_United_States_House_of_Representatives_elections
2026,house-WA-01,D,1,Incumbent advanced to general,wikipedia:2026_United_States_House_of_Representatives_elections
2026,house-WA-02,D,1,Incumbent advanced to general,wikipedia:2026_United_States_House_of_Representatives_elections
2026,house-WA-03,D,1,Incumbent advanced to general,wikipedia:2026_United_States_House_of_Representatives_elections
2026,house-WA-04,R,0,Incumbent retiring,wikipedia:2026_United_States_House_of_Representatives_elections
2026,house-WA-05,R,1,Incumbent advanced to general,wikipedia:2026_United_States_House_of_Representatives_elections
2026,house-WA-06,D,1,Incumbent advanced to general,wikipedia:2026_United_States_House_of_Representatives_elections
2026,house-WA-07,D,1,Incumbent advanced to general,wikipedia:2026_United_States_House_of_Representatives_elections
2026,house-WA-08,D,1,Incumbent advanced to general,wikipedia:2026_United_States_House_of_Representatives_elections
2026,house-WA-09,D,1,Incumbent advanced to general,wikipedia:2026_United_States_House_of_Representatives_elections
2026,house-WA-10,D,1,Incumbent advanced to general,wikipedia:2026_United_States_House_of_Representatives_elections
2026,house-WI-01,R,1,Incumbent renominated,wikipedia:2026_United_States_House_of_Representatives_elections
2026,house-WI-02,D,1,Incumbent re-elected,wikipedia:2026_United_States_House_of_Representatives_elections
2026,house-WI-03,R,1,Incumbent renominated,wikipedia:2026_United_States_House_of_Representatives_elections
2026,house-WI-04,D,1,Incumbent renominated,wikipedia:2026_United_States_House_of_Representatives_elections
2026,house-WI-05,R,1,Incumbent renominated,wikipedia:2026_United_States_House_of_Representatives_elections
2026,house-WI-06,R,1,Incumbent renominated,wikipedia:2026_United_States_House_of_Representatives_elections
2026,house-WI-07,R,0,Incumbent retiring to run for [[2026 Wisconsin gubernatorial election,wikipedia:2026_United_States_House_of_Representatives_elections
2026,house-WI-08,R,1,Incumbent renominated,wikipedia:2026_United_States_House_of_Representatives_elections
2026,house-WV-01,R,1,Incumbent renominated,wikipedia:2026_United_States_House_of_Representatives_elections
2026,house-WV-02,R,1,Incumbent renominated,wikipedia:2026_United_States_House_of_Representatives_elections
2026,house-WY-01,R,0,Incumbent retiring to [[2026 United States Senate election in Wyoming,wikipedia:2026_United_States_House_of_Representatives_elections
2026,senate-AK,R,1,Incumbent advanced to general,wikipedia:2026_United_States_Senate_elections
2026,senate-AL,R,0,Incumbent retiring,wikipedia:2026_United_States_Senate_elections
2026,senate-AR,R,1,Incumbent renominated,wikipedia:2026_United_States_Senate_elections
2026,senate-CO,D,1,Incumbent renominated,wikipedia:2026_United_States_Senate_elections
2026,senate-DE,D,1,Incumbent renominated,wikipedia:2026_United_States_Senate_elections
2026,senate-FL-special,R,0,Interim appointee nominated,wikipedia:2026_United_States_Senate_elections
2026,senate-GA,D,1,Incumbent renominated,wikipedia:2026_United_States_Senate_elections
2026,senate-IA,R,0,Incumbent retiring,wikipedia:2026_United_States_Senate_elections
2026,senate-ID,R,1,Incumbent renominated,wikipedia:2026_United_States_Senate_elections
2026,senate-IL,D,0,Incumbent retiring,wikipedia:2026_United_States_Senate_elections
2026,senate-KS,R,1,Incumbent renominated,wikipedia:2026_United_States_Senate_elections
2026,senate-KY,R,0,Incumbent retiring,wikipedia:2026_United_States_Senate_elections
2026,senate-LA,R,0,Incumbent lost renomination,wikipedia:2026_United_States_Senate_elections
2026,senate-MA,D,1,Incumbent renominated,wikipedia:2026_United_States_Senate_elections
2026,senate-ME,R,1,Incumbent renominated,wikipedia:2026_United_States_Senate_elections
2026,senate-MI,D,0,Incumbent retiring,wikipedia:2026_United_States_Senate_elections
2026,senate-MN,D,0,Incumbent retiring,wikipedia:2026_United_States_Senate_elections
2026,senate-MS,R,1,Incumbent renominated,wikipedia:2026_United_States_Senate_elections
2026,senate-MT,R,0,Incumbent retiring,wikipedia:2026_United_States_Senate_elections
2026,senate-NC,R,0,Incumbent retiring,wikipedia:2026_United_States_Senate_elections
2026,senate-NE,R,1,Incumbent renominated,wikipedia:2026_United_States_Senate_elections
2026,senate-NH,D,0,Incumbent retiring,wikipedia:2026_United_States_Senate_elections
2026,senate-NJ,D,1,Incumbent renominated,wikipedia:2026_United_States_Senate_elections
2026,senate-NM,D,1,Incumbent renominated,wikipedia:2026_United_States_Senate_elections
2026,senate-OH-special,R,0,Interim appointee nominated,wikipedia:2026_United_States_Senate_elections
2026,senate-OK,R,0,Interim appointee ineligible to run,wikipedia:2026_United_States_Senate_elections
2026,senate-OR,D,1,Incumbent renominated,wikipedia:2026_United_States_Senate_elections
2026,senate-RI,D,1,Incumbent renominated,wikipedia:2026_United_States_Senate_elections
2026,senate-SC,R,0,Interim appointee nominated in runoff,wikipedia:2026_United_States_Senate_elections
2026,senate-SD,R,1,Incumbent renominated,wikipedia:2026_United_States_Senate_elections
2026,senate-TN,R,1,Incumbent renominated,wikipedia:2026_United_States_Senate_elections
2026,senate-TX,R,0,Incumbent lost renomination in runoff,wikipedia:2026_United_States_Senate_elections
2026,senate-VA,D,1,Incumbent renominated,wikipedia:2026_United_States_Senate_elections
2026,senate-WV,R,1,Incumbent renominated,wikipedia:2026_United_States_Senate_elections
2026,senate-WY,R,0,Incumbent retiring,wikipedia:2026_United_States_Senate_elections
